month,level,market,brand,category,departures_n,median_asking_eur,p25_asking_eur,p75_asking_eur,departure_share_pct,demand_index,mom_median_pct,mom_demand_index_pts
2026-09,brand_all,all,Fred Perry,,2393,15.0,9.0,25.0,14.23,100.0,,
2026-09,brand_all,all,Stone Island,,2387,45.0,27.0,80.0,14.19,99.7,,
2026-09,brand_all,all,Patagonia,,2173,29.0,18.0,49.0,12.92,90.8,,
2026-09,brand_all,all,Balenciaga,,1204,80.0,30.0,200.0,7.16,50.3,,
2026-09,brand_all,all,New Balance,,773,38.0,25.0,45.0,4.6,32.3,,
2026-09,brand_all,all,Nike,,623,45.0,20.0,90.0,3.7,26.0,,
2026-09,brand_all,all,Gucci,,604,100.0,40.0,299.0,3.59,25.2,,
2026-09,brand_all,all,The North Face,,590,25.0,12.0,47.74,3.51,24.7,,
2026-09,brand_all,all,Diesel,,589,15.0,10.0,25.0,3.5,24.6,,
2026-09,brand_all,all,Supreme,,440,49.5,25.0,80.0,2.62,18.4,,
2026-09,brand_all,all,Reebok,,405,13.99,7.0,21.0,2.41,16.9,,
2026-09,brand_all,all,Lacoste,,302,30.0,20.0,30.0,1.8,12.6,,
2026-09,brand_all,all,Adidas,,292,30.0,19.0,50.0,1.74,12.2,,
2026-09,brand_all,all,Carhartt,,276,23.99,13.0,40.0,1.64,11.5,,
2026-09,brand_all,all,Hugo Boss,,239,14.0,8.0,25.0,1.42,10.0,,
2026-09,brand_all,all,Tommy Hilfiger,,239,19.0,15.0,25.0,1.42,10.0,,
2026-09,brand_all,all,Zara,,228,12.5,7.0,29.0,1.36,9.5,,
2026-09,brand_all,all,Ralph Lauren,,216,29.98,19.3,45.0,1.28,9.0,,
2026-09,brand_all,all,Golden Goose,,197,130.0,110.0,165.0,1.17,8.2,,
2026-09,brand_all,all,Calvin Klein,,171,15.0,8.0,25.0,1.02,7.1,,
2026-09,brand_all,all,Levi's,,150,22.0,11.99,34.0,0.89,6.3,,
2026-09,brand_all,all,Puma,,146,13.0,6.0,25.0,0.87,6.1,,
2026-09,brand_all,all,Canada Goose,,137,80.0,35.0,250.0,0.81,5.7,,
2026-09,brand_all,all,Off-White,,137,22.0,19.8,55.0,0.81,5.7,,
2026-09,brand_all,all,Ami Paris,,128,60.0,37.99,101.25,0.76,5.3,,
2026-09,brand_all,all,Miu Miu,,123,105.0,48.5,200.0,0.73,5.1,,
2026-09,brand_all,all,Acne Studios,,112,67.5,37.25,105.0,0.67,4.7,,
2026-09,brand_all,all,Vans,,112,15.0,8.0,40.0,0.67,4.7,,
2026-09,brand_all,all,Maison Margiela,,109,120.0,60.0,189.0,0.65,4.6,,
2026-09,brand_all,all,Jacquemus,,101,90.0,50.0,150.0,0.6,4.2,,
2026-09,brand_all,all,C.P. Company,,100,89.93,59.75,136.25,0.59,4.2,,
2026-09,brand_all,all,Palm Angels,,100,25.0,15.0,40.0,0.59,4.2,,
2026-09,brand_all,all,Pull&Bear,,97,6.0,4.95,12.0,0.58,4.1,,
2026-09,brand_all,all,Bershka,,84,10.0,5.0,15.0,0.5,3.5,,
2026-09,brand_all,all,Uniqlo,,82,15.0,7.12,29.99,0.49,3.4,,
2026-09,brand_all,all,Loewe,,74,180.0,68.75,287.5,0.44,3.1,,
2026-09,brand_all,all,Moncler,,71,60.0,25.5,150.0,0.42,3.0,,
2026-09,brand_all,all,Fendi,,70,50.0,20.0,180.0,0.42,2.9,,
2026-09,brand_all,all,Corteiz,,59,25.0,17.75,35.0,0.35,2.5,,
2026-09,brand_all,all,Bottega Veneta,,56,155.0,59.0,375.0,0.33,2.3,,
2026-09,brand_all,all,Jordan,,56,62.45,24.99,120.0,0.33,2.3,,
2026-09,brand_all,all,Trapstar,,48,15.0,10.0,25.75,0.29,2.0,,
2026-09,brand_all,all,Converse,,40,21.5,12.86,54.25,0.24,1.7,,
2026-09,brand_all,all,Mango,,40,11.0,7.0,16.5,0.24,1.7,,
2026-09,brand_all,all,Champion,,37,15.0,10.0,24.5,0.22,1.5,,
2026-09,brand_all,all,Prada,,37,85.0,40.0,159.99,0.22,1.5,,
2026-09,brand_market,de,Patagonia,,1045,26.0,18.0,45.0,17.63,100.0,,
2026-09,brand_market,de,Fred Perry,,915,15.0,10.0,27.99,15.44,87.6,,
2026-09,brand_market,de,Stone Island,,815,43.0,25.0,70.0,13.75,78.0,,
2026-09,brand_market,de,Balenciaga,,467,65.0,25.0,160.0,7.88,44.7,,
2026-09,brand_market,de,New Balance,,259,38.0,26.0,45.0,4.37,24.8,,
2026-09,brand_market,de,Nike,,235,40.0,20.0,80.0,3.97,22.5,,
2026-09,brand_market,de,Gucci,,216,115.0,46.5,350.0,3.64,20.7,,
2026-09,brand_market,de,The North Face,,215,27.0,15.0,50.0,3.63,20.6,,
2026-09,brand_market,de,Diesel,,193,15.0,10.0,25.0,3.26,18.5,,
2026-09,brand_market,de,Supreme,,186,45.0,24.25,80.0,3.14,17.8,,
2026-09,brand_market,de,Reebok,,135,12.9,7.0,20.0,2.28,12.9,,
2026-09,brand_market,de,Adidas,,92,35.0,20.0,50.0,1.55,8.8,,
2026-09,brand_market,de,Carhartt,,84,28.25,15.0,41.25,1.42,8.0,,
2026-09,brand_market,de,Zara,,81,15.0,7.0,35.0,1.37,7.8,,
2026-09,brand_market,de,Hugo Boss,,80,13.0,7.0,25.0,1.35,7.7,,
2026-09,brand_market,de,Ralph Lauren,,68,30.0,16.5,40.0,1.15,6.5,,
2026-09,brand_market,de,Lacoste,,67,24.99,12.9,34.0,1.13,6.4,,
2026-09,brand_market,de,Ami Paris,,54,65.0,41.25,95.0,0.91,5.2,,
2026-09,brand_market,de,Vans,,53,18.0,10.0,40.0,0.89,5.1,,
2026-09,brand_market,de,Levi's,,48,17.0,8.75,22.75,0.81,4.6,,
2026-09,brand_market,de,Calvin Klein,,44,12.5,6.0,20.5,0.74,4.2,,
2026-09,brand_market,de,Tommy Hilfiger,,44,17.0,10.0,32.37,0.74,4.2,,
2026-09,brand_market,de,Pull&Bear,,38,6.0,5.0,11.75,0.64,3.6,,
2026-09,brand_market,de,Palm Angels,,33,24.0,10.0,30.0,0.56,3.2,,
2026-09,brand_market,de,Bershka,,32,10.0,5.0,18.5,0.54,3.1,,
2026-09,brand_market,de,Canada Goose,,30,57.0,27.5,157.5,0.51,2.9,,
2026-09,brand_market,es,Fred Perry,,1199,13.0,8.95,20.0,15.22,100.0,,
2026-09,brand_market,es,Stone Island,,1189,45.0,25.0,80.0,15.1,99.2,,
2026-09,brand_market,es,Patagonia,,942,25.0,17.92,45.0,11.96,78.6,,
2026-09,brand_market,es,Balenciaga,,573,65.0,25.0,179.0,7.28,47.8,,
2026-09,brand_market,es,New Balance,,368,38.0,26.0,45.0,4.67,30.7,,
2026-09,brand_market,es,Nike,,284,50.0,20.0,85.75,3.61,23.7,,
2026-09,brand_market,es,Diesel,,249,14.5,10.0,20.0,3.16,20.8,,
2026-09,brand_market,es,Gucci,,237,100.0,40.0,290.0,3.01,19.8,,
2026-09,brand_market,es,The North Face,,221,24.0,10.0,38.0,2.81,18.4,,
2026-09,brand_market,es,Reebok,,175,13.99,7.0,20.0,2.22,14.6,,
2026-09,brand_market,es,Supreme,,173,40.0,21.0,75.0,2.2,14.4,,
2026-09,brand_market,es,Lacoste,,172,30.0,24.75,30.0,2.18,14.3,,
2026-09,brand_market,es,Adidas,,148,30.0,17.5,50.0,1.88,12.3,,
2026-09,brand_market,es,Tommy Hilfiger,,131,20.0,15.0,25.0,1.66,10.9,,
2026-09,brand_market,es,Carhartt,,124,20.0,10.0,35.0,1.57,10.3,,
2026-09,brand_market,es,Golden Goose,,110,130.0,126.25,150.0,1.4,9.2,,
2026-09,brand_market,es,Zara,,106,12.0,6.5,26.5,1.35,8.8,,
2026-09,brand_market,es,Ralph Lauren,,89,27.55,18.0,46.95,1.13,7.4,,
2026-09,brand_market,es,Off-White,,85,22.0,19.8,50.0,1.08,7.1,,
2026-09,brand_market,es,Hugo Boss,,82,10.0,7.0,17.5,1.04,6.8,,
2026-09,brand_market,es,Puma,,81,13.0,5.0,25.0,1.03,6.8,,
2026-09,brand_market,es,Canada Goose,,73,120.0,35.0,300.0,0.93,6.1,,
2026-09,brand_market,es,Levi's,,72,22.0,12.0,32.25,0.91,6.0,,
2026-09,brand_market,es,Miu Miu,,69,80.0,36.0,190.0,0.88,5.8,,
2026-09,brand_market,es,Calvin Klein,,66,12.0,7.15,21.5,0.84,5.5,,
2026-09,brand_market,es,Palm Angels,,59,25.0,15.0,40.0,0.75,4.9,,
2026-09,brand_market,es,Acne Studios,,56,65.0,38.75,99.99,0.71,4.7,,
2026-09,brand_market,es,Jacquemus,,53,80.0,50.0,130.0,0.67,4.4,,
2026-09,brand_market,es,Ami Paris,,52,63.5,40.0,105.0,0.66,4.3,,
2026-09,brand_market,es,C.P. Company,,51,94.9,66.5,150.0,0.65,4.3,,
2026-09,brand_market,es,Loewe,,49,180.0,65.0,300.0,0.62,4.1,,
2026-09,brand_market,es,Maison Margiela,,45,120.0,60.0,165.0,0.57,3.8,,
2026-09,brand_market,es,Pull&Bear,,44,6.0,5.0,13.5,0.56,3.7,,
2026-09,brand_market,es,Bottega Veneta,,42,145.0,55.25,297.25,0.53,3.5,,
2026-09,brand_market,es,Uniqlo,,42,15.0,7.88,29.99,0.53,3.5,,
2026-09,brand_market,es,Fendi,,40,50.0,15.0,155.0,0.51,3.3,,
2026-09,brand_market,es,Jordan,,35,65.0,24.99,120.0,0.44,2.9,,
2026-09,brand_market,es,Bershka,,34,8.5,5.0,14.75,0.43,2.8,,
2026-09,brand_market,fr,Stone Island,,926,45.0,29.24,75.0,14.2,100.0,,
2026-09,brand_market,fr,Fred Perry,,907,15.0,9.0,25.0,13.91,97.9,,
2026-09,brand_market,fr,Patagonia,,824,28.0,18.0,45.96,12.63,89.0,,
2026-09,brand_market,fr,Balenciaga,,617,70.0,30.0,180.0,9.46,66.6,,
2026-09,brand_market,fr,New Balance,,273,38.0,26.0,45.0,4.19,29.5,,
2026-09,brand_market,fr,Nike,,256,50.0,20.0,95.75,3.93,27.6,,
2026-09,brand_market,fr,Gucci,,185,99.0,35.0,250.0,2.84,20.0,,
2026-09,brand_market,fr,The North Face,,171,24.0,12.0,38.45,2.62,18.5,,
2026-09,brand_market,fr,Reebok,,155,12.0,7.0,20.0,2.38,16.7,,
2026-09,brand_market,fr,Diesel,,150,15.0,9.62,25.0,2.3,16.2,,
2026-09,brand_market,fr,Supreme,,129,49.0,23.0,85.0,1.98,13.9,,
2026-09,brand_market,fr,Lacoste,,127,30.0,24.0,30.0,1.95,13.7,,
2026-09,brand_market,fr,Carhartt,,105,24.99,12.0,37.0,1.61,11.3,,
2026-09,brand_market,fr,Tommy Hilfiger,,104,19.0,15.0,25.0,1.59,11.2,,
2026-09,brand_market,fr,Golden Goose,,103,130.0,110.0,180.0,1.58,11.1,,
2026-09,brand_market,fr,Adidas,,101,30.0,15.0,48.0,1.55,10.9,,
2026-09,brand_market,fr,Canada Goose,,94,72.5,31.25,217.5,1.44,10.2,,
2026-09,brand_market,fr,Ami Paris,,83,50.0,35.0,90.0,1.27,9.0,,
2026-09,brand_market,fr,Zara,,78,15.0,10.0,31.5,1.2,8.4,,
2026-09,brand_market,fr,Ralph Lauren,,72,27.27,19.3,39.96,1.1,7.8,,
2026-09,brand_market,fr,Hugo Boss,,68,12.0,7.0,20.0,1.04,7.3,,
2026-09,brand_market,fr,Jacquemus,,68,86.5,43.75,150.0,1.04,7.3,,
2026-09,brand_market,fr,Miu Miu,,67,100.0,43.0,199.5,1.03,7.2,,
2026-09,brand_market,fr,Palm Angels,,64,25.0,15.0,40.0,0.98,6.9,,
2026-09,brand_market,fr,Levi's,,59,25.0,10.0,35.0,0.9,6.4,,
2026-09,brand_market,fr,Loewe,,55,180.0,65.0,275.0,0.84,5.9,,
2026-09,brand_market,fr,Acne Studios,,51,77.0,42.64,100.0,0.78,5.5,,
2026-09,brand_market,fr,Maison Margiela,,51,130.0,60.0,195.0,0.78,5.5,,
2026-09,brand_market,fr,Puma,,47,9.0,5.0,23.99,0.72,5.1,,
2026-09,brand_market,fr,Fendi,,43,30.0,15.0,72.5,0.66,4.6,,
2026-09,brand_market,fr,C.P. Company,,42,79.97,60.0,148.75,0.64,4.5,,
2026-09,brand_market,fr,Bottega Veneta,,36,182.0,80.0,385.0,0.55,3.9,,
2026-09,brand_market,fr,Calvin Klein,,36,11.97,7.0,20.0,0.55,3.9,,
2026-09,brand_market,fr,Bershka,,31,10.0,7.0,15.0,0.48,3.3,,
2026-09,brand_market,fr,Vans,,31,15.0,6.0,37.98,0.48,3.3,,
2026-09,brand_market,it,Fred Perry,,718,15.0,9.6,25.0,15.43,100.0,,
2026-09,brand_market,it,Stone Island,,592,40.0,25.0,69.99,12.72,82.5,,
2026-09,brand_market,it,Patagonia,,588,27.99,17.0,48.25,12.64,81.9,,
2026-09,brand_market,it,Balenciaga,,479,70.0,25.0,199.0,10.29,66.7,,
2026-09,brand_market,it,New Balance,,194,39.0,26.0,45.0,4.17,27.0,,
2026-09,brand_market,it,Nike,,179,50.0,20.0,90.0,3.85,24.9,,
2026-09,brand_market,it,Gucci,,171,125.0,35.0,299.5,3.68,23.8,,
2026-09,brand_market,it,The North Face,,164,25.0,10.0,50.0,3.52,22.8,,
2026-09,brand_market,it,Diesel,,162,15.0,10.0,30.0,3.48,22.6,,
2026-09,brand_market,it,Supreme,,136,48.5,23.38,80.0,2.92,18.9,,
2026-09,brand_market,it,Reebok,,114,13.2,7.0,18.0,2.45,15.9,,
2026-09,brand_market,it,Lacoste,,112,30.0,24.75,30.0,2.41,15.6,,
2026-09,brand_market,it,Tommy Hilfiger,,104,19.0,15.0,25.0,2.24,14.5,,
2026-09,brand_market,it,Hugo Boss,,71,12.0,6.5,22.0,1.53,9.9,,
2026-09,brand_market,it,Adidas,,70,29.0,14.25,44.25,1.5,9.7,,
2026-09,brand_market,it,Carhartt,,70,20.0,15.0,39.74,1.5,9.7,,
2026-09,brand_market,it,Zara,,59,15.0,8.5,22.5,1.27,8.2,,
2026-09,brand_market,it,Levi's,,55,30.0,9.95,34.0,1.18,7.7,,
2026-09,brand_market,it,Ralph Lauren,,53,28.0,15.0,39.99,1.14,7.4,,
2026-09,brand_market,it,Ami Paris,,41,65.0,42.0,90.0,0.88,5.7,,
2026-09,brand_market,it,Calvin Klein,,41,10.0,5.0,19.99,0.88,5.7,,
2026-09,brand_market,it,Canada Goose,,34,55.0,26.25,88.75,0.73,4.7,,
2026-09,brand_market,it,Uniqlo,,31,16.0,7.5,29.99,0.67,4.3,,
2026-09,brand_market,it,Maison Margiela,,30,105.0,72.25,165.0,0.64,4.2,,
2026-09,brand_market,pt,Fred Perry,,857,12.0,8.0,20.0,16.06,100.0,,
2026-09,brand_market,pt,Stone Island,,857,45.0,25.0,75.0,16.06,100.0,,
2026-09,brand_market,pt,Patagonia,,699,25.9,18.0,49.0,13.1,81.6,,
2026-09,brand_market,pt,Balenciaga,,441,68.0,25.0,179.0,8.26,51.5,,
2026-09,brand_market,pt,Gucci,,195,80.0,35.0,255.0,3.65,22.8,,
2026-09,brand_market,pt,Nike,,183,35.0,15.0,99.0,3.43,21.4,,
2026-09,brand_market,pt,New Balance,,182,39.0,26.0,45.0,3.41,21.2,,
2026-09,brand_market,pt,Diesel,,173,15.0,9.0,20.0,3.24,20.2,,
2026-09,brand_market,pt,The North Face,,161,25.0,13.0,45.0,3.02,18.8,,
2026-09,brand_market,pt,Supreme,,146,49.5,25.0,75.0,2.74,17.0,,
2026-09,brand_market,pt,Lacoste,,143,30.0,24.0,30.0,2.68,16.7,,
2026-09,brand_market,pt,Tommy Hilfiger,,118,20.0,15.0,25.0,2.21,13.8,,
2026-09,brand_market,pt,Reebok,,103,13.5,7.0,20.0,1.93,12.0,,
2026-09,brand_market,pt,Carhartt,,82,25.0,15.0,45.0,1.54,9.6,,
2026-09,brand_market,pt,Ralph Lauren,,79,29.9,17.99,49.95,1.48,9.2,,
2026-09,brand_market,pt,Adidas,,70,24.98,12.0,40.0,1.31,8.2,,
2026-09,brand_market,pt,Hugo Boss,,67,15.0,7.0,20.0,1.26,7.8,,
2026-09,brand_market,pt,Zara,,66,12.75,8.0,20.0,1.24,7.7,,
2026-09,brand_market,pt,Off-White,,64,22.0,19.95,51.25,1.2,7.5,,
2026-09,brand_market,pt,Calvin Klein,,53,12.5,8.0,29.99,0.99,6.2,,
2026-09,brand_market,pt,Levi's,,52,24.25,10.0,34.0,0.97,6.1,,
2026-09,brand_market,pt,Puma,,45,10.0,7.0,20.0,0.84,5.3,,
2026-09,brand_market,pt,Ami Paris,,41,69.99,50.0,95.0,0.77,4.8,,
2026-09,brand_market,pt,Acne Studios,,35,63.85,45.29,127.0,0.66,4.1,,
2026-09,brand_market,pt,C.P. Company,,35,94.95,67.47,149.5,0.66,4.1,,
2026-09,brand_market,pt,Golden Goose,,34,135.0,127.5,135.0,0.64,4.0,,
2026-09,category_all,all,,Hoodies,3749,35.0,18.0,59.9,22.29,100.0,,
2026-09,category_all,all,,Jackets,2965,49.0,27.0,85.0,17.63,79.1,,
2026-09,category_all,all,,Sneakers,2524,49.0,26.0,115.0,15.01,67.3,,
2026-09,category_all,all,,Shirts,2427,15.0,10.0,26.0,14.43,64.7,,
2026-09,category_all,all,,T-Shirts,2040,15.0,8.0,27.95,12.13,54.4,,
2026-09,category_all,all,,Bags,1139,44.0,19.0,200.0,6.77,30.4,,
2026-09,category_all,all,,Jeans,652,19.9,11.98,35.0,3.88,17.4,,
2026-09,category_all,all,,Caps,598,20.0,10.0,45.0,3.56,16.0,,
2026-09,category_all,all,,Tracksuits,561,28.0,14.95,55.0,3.34,15.0,,
2026-09,category_all,all,,Coats,166,55.0,27.62,129.75,0.99,4.4,,
2026-09,category_market,de,,Hoodies,1298,35.0,20.0,57.0,21.9,100.0,,
2026-09,category_market,de,,Jackets,1140,45.0,27.0,75.0,19.24,87.8,,
2026-09,category_market,de,,Shirts,826,15.0,10.0,25.0,13.94,63.6,,
2026-09,category_market,de,,Sneakers,816,41.99,25.0,95.0,13.77,62.9,,
2026-09,category_market,de,,T-Shirts,716,15.0,9.0,25.0,12.08,55.2,,
2026-09,category_market,de,,Bags,429,30.0,18.0,100.0,7.24,33.1,,
2026-09,category_market,de,,Jeans,229,19.9,10.0,38.9,3.86,17.6,,
2026-09,category_market,de,,Caps,210,19.95,10.0,35.0,3.54,16.2,,
2026-09,category_market,de,,Tracksuits,205,28.0,15.0,60.0,3.46,15.8,,
2026-09,category_market,de,,Coats,57,59.0,30.0,130.0,0.96,4.4,,
2026-09,category_market,es,,Hoodies,1773,35.0,18.0,55.0,22.51,100.0,,
2026-09,category_market,es,,Shirts,1234,15.0,9.0,25.0,15.67,69.6,,
2026-09,category_market,es,,Jackets,1197,48.0,25.0,90.0,15.2,67.5,,
2026-09,category_market,es,,Sneakers,1190,49.9,29.0,110.0,15.11,67.1,,
2026-09,category_market,es,,T-Shirts,1021,15.0,8.0,27.0,12.96,57.6,,
2026-09,category_market,es,,Bags,552,40.0,19.0,200.0,7.01,31.1,,
2026-09,category_market,es,,Caps,301,22.0,10.0,45.0,3.82,17.0,,
2026-09,category_market,es,,Jeans,290,17.99,11.0,34.0,3.68,16.4,,
2026-09,category_market,es,,Tracksuits,237,29.0,15.0,50.0,3.01,13.4,,
2026-09,category_market,es,,Coats,81,55.0,30.0,100.0,1.03,4.6,,
2026-09,category_market,fr,,Hoodies,1468,36.0,20.0,60.0,22.51,100.0,,
2026-09,category_market,fr,,Jackets,1161,45.0,25.0,85.0,17.8,79.1,,
2026-09,category_market,fr,,Sneakers,1017,50.0,30.0,130.0,15.59,69.3,,
2026-09,category_market,fr,,Shirts,908,16.0,10.0,30.0,13.92,61.9,,
2026-09,category_market,fr,,T-Shirts,794,15.0,8.0,27.0,12.17,54.1,,
2026-09,category_market,fr,,Bags,481,40.0,19.0,200.0,7.38,32.8,,
2026-09,category_market,fr,,Caps,223,20.0,10.0,45.0,3.42,15.2,,
2026-09,category_market,fr,,Tracksuits,206,30.0,15.0,50.0,3.16,14.0,,
2026-09,category_market,fr,,Jeans,200,24.74,13.0,39.99,3.07,13.6,,
2026-09,category_market,fr,,Coats,64,45.0,27.88,131.25,0.98,4.4,,
2026-09,category_market,it,,Hoodies,1029,34.99,18.0,58.45,22.11,100.0,,
2026-09,category_market,it,,Jackets,778,44.0,25.0,80.0,16.72,75.6,,
2026-09,category_market,it,,Shirts,701,15.0,10.0,30.0,15.07,68.1,,
2026-09,category_market,it,,Sneakers,659,45.0,25.0,100.0,14.16,64.0,,
2026-09,category_market,it,,T-Shirts,588,15.0,8.0,25.0,12.64,57.1,,
2026-09,category_market,it,,Bags,319,40.0,19.0,235.0,6.86,31.0,,
2026-09,category_market,it,,Jeans,195,27.99,15.0,38.98,4.19,19.0,,
2026-09,category_market,it,,Caps,174,20.0,8.0,45.0,3.74,16.9,,
2026-09,category_market,it,,Tracksuits,168,28.5,15.0,60.0,3.61,16.3,,
2026-09,category_market,it,,Coats,42,59.5,35.5,183.75,0.9,4.1,,
2026-09,category_market,pt,,Hoodies,1278,35.0,18.0,59.0,23.95,100.0,,
2026-09,category_market,pt,,Shirts,955,15.0,10.0,25.0,17.89,74.7,,
2026-09,category_market,pt,,Jackets,814,49.0,25.0,85.0,15.25,63.7,,
2026-09,category_market,pt,,T-Shirts,682,15.0,8.0,25.0,12.78,53.4,,
2026-09,category_market,pt,,Sneakers,652,45.0,26.0,110.0,12.22,51.0,,
2026-09,category_market,pt,,Bags,340,35.15,18.43,110.0,6.37,26.6,,
2026-09,category_market,pt,,Caps,228,20.0,10.0,42.75,4.27,17.8,,
2026-09,category_market,pt,,Jeans,193,20.0,10.95,35.0,3.62,15.1,,
2026-09,category_market,pt,,Tracksuits,148,25.0,13.0,54.25,2.77,11.6,,
2026-09,category_market,pt,,Coats,47,50.0,20.0,79.5,0.88,3.7,,
2026-09,market_total,all,,,16821,30.0,15.0,60.0,100.0,100,,
2026-09,market_total,de,,,5926,30.0,15.0,55.0,100.0,100,,
2026-09,market_total,es,,,7876,30.0,15.0,60.0,100.0,100,,
2026-09,market_total,fr,,,6522,30.0,15.0,65.0,100.0,100,,
2026-09,market_total,it,,,4653,30.0,15.0,60.0,100.0,100,,
2026-09,market_total,pt,,,5337,26.0,15.0,55.0,100.0,100,,
